{
  "낚시": [
    {
      "name": "민물배스",
      "level": "1",
      "location": "강",
      "weather": "무관",
      "time": "종일",
      "price": "75",
      "size": "중",
      "stars": [false, false, false, false, false],
      "img_path": "",
      "memo": ""
    },
    {
      "name": "유럽참개구리",
      "level": "1",
      "location": "호수",
      "weather": "무관",
      "time": "종일",
      "price": "320",
      "size": "특수",
      "stars": [false, false, false, false, false],
      "img_path": "",
      "memo": "집어기 O"
    },
    {
      "name": "유럽처브",
      "level": "1",
      "location": "호수",
      "weather": "무관",
      "time": "종일",
      "price": "75",
      "size": "중",
      "stars": [false, false, false, false, false],
      "img_path": "",
      "memo": ""
    },
    {
      "name": "하늘종개",
      "level": "1",
      "location": "거목강",
      "weather": "무관",
      "time": "종일",
      "price": "50",
      "size": "소",
      "stars": [false, false, false, false, false],
      "img_path": "",
      "memo": ""
    },
    {
      "name": "바벨",
      "level": "1",
      "location": "천수강",
      "weather": "무관",
      "time": "종일",
      "price": "75",
      "size": "중",
      "stars": [false, false, false, false, false],
      "img_path": "",
      "memo": ""
    },
    {
      "name": "큰얼룩배스",
      "level": "1",
      "location": "노을강",
      "weather": "무관",
      "time": "종일",
      "price": "50",
      "size": "소",
      "stars": [false, false, false, false, false],
      "img_path": "",
      "memo": ""
    },
    {
      "name": "미노우",
      "level": "1",
      "location": "고요한 강",
      "weather": "무관",
      "time": "종일",
      "price": "50",
      "size": "소",
      "stars": [false, false, false, false, false],
      "img_path": "",
      "memo": ""
    },
    {
      "name": "극지연어",
      "level": "1",
      "location": "온천 산수",
      "weather": "무관",
      "time": "종일",
      "price": "105",
      "size": "중",
      "stars": [false, false, false, false, false],
      "img_path": "",
      "memo": ""
    },
    {
      "name": "붕어",
      "level": "1",
      "location": "근교 호수",
      "weather": "무관",
      "time": "종일",
      "price": "75",
      "size": "중",
      "stars": [false, false, false, false, false],
      "img_path": "",
      "memo": ""
    },
    {
      "name": "유럽백조어",
      "level": "1",
      "location": "호수",
      "weather": "무관",
      "time": "종일",
      "price": "50",
      "size": "소",
      "stars": [false, false, false, false, false],
      "img_path": "",
      "memo": ""
    },
    {
      "name": "백조어",
      "level": "1",
      "location": "근교 호수",
      "weather": "무관",
      "time": "종일",
      "price": "50",
      "size": "소",
      "stars": [false, false, false, false, false],
      "img_path": "",
      "memo": ""
    },
    {
      "name": "왕새우",
      "level": "1",
      "location": "강",
      "weather": "무관",
      "time": "종일",
      "price": "50",
      "size": "소",
      "stars": [false, false, false, false, false],
      "img_path": "",
      "memo": ""
    },
    {
      "name": "정어리",
      "level": "1",
      "location": "바다",
      "weather": "무관",
      "time": "종일",
      "price": "50",
      "size": "소",
      "stars": [false, false, false, false, false],
      "img_path": "",
      "memo": ""
    },
    {
      "name": "배스",
      "level": "1",
      "location": "바다",
      "weather": "무관",
      "time": "종일",
      "price": "75",
      "size": "중",
      "stars": [false, false, false, false, false],
      "img_path": "",
      "memo": ""
    },
    {
      "name": "가다랑어",
      "level": "1",
      "location": "바다",
      "weather": "무관",
      "time": "종일",
      "price": "210",
      "size": "대",
      "stars": [false, false, false, false, false],
      "img_path": "",
      "memo": ""
    },
    {
      "name": "갈치",
      "level": "1",
      "location": "잔잔한 바다",
      "weather": "무관",
      "time": "종일",
      "price": "105",
      "size": "대",
      "stars": [false, false, false, false, false],
      "img_path": "",
      "memo": ""
    },
    {
      "name": "바다새우",
      "level": "1",
      "location": "동해",
      "weather": "무관",
      "time": "종일",
      "price": "50",
      "size": "소",
      "stars": [false, false, false, false, false],
      "img_path": "",
      "memo": ""
    },
    {
      "name": "바다가시고기",
      "level": "2",
      "location": "구해",
      "weather": "무관",
      "time": "종일",
      "price": "50",
      "size": "소",
      "stars": [false, false, false, false, false],
      "img_path": "",
      "memo": ""
    },
    {
      "name": "노랑촉수",
      "level": "2",
      "location": "바다낚시",
      "weather": "무관",
      "time": "종일",
      "price": "320",
      "size": "길다",
      "stars": [false, false, false, false, false],
      "img_path": "",
      "memo": ""
    },
    {
      "name": "돌마자",
      "level": "2",
      "location": "근교 호수",
      "weather": "무관",
      "time": "종일",
      "price": "100",
      "size": "소",
      "stars": [false, false, false, false, false],
      "img_path": "",
      "memo": ""
    },
    {
      "name": "바다빙어",
      "level": "2",
      "location": "초원 호수",
      "weather": "무관",
      "time": "종일",
      "price": "100",
      "size": "소",
      "stars": [false, false, false, false, false],
      "img_path": "",
      "memo": ""
    },
    {
      "name": "매화농어",
      "level": "2",
      "location": "온천 산수",
      "weather": "무관",
      "time": "12-24",
      "price": "100",
      "size": "소",
      "stars": [false, false, false, false, false],
      "img_path": "",
      "memo": ""
    },
    {
      "name": "노란전갱이",
      "level": "3",
      "location": "잔잔한 바다",
      "weather": "무관",
      "time": "종일",
      "price": "155",
      "size": "중",
      "stars": [false, false, false, false, false],
      "img_path": "",
      "memo": ""
    },
    {
      "name": "해마",
      "level": "3",
      "location": "고래 바다",
      "weather": "무관",
      "time": "종일",
      "price": "100",
      "size": "소",
      "stars": [false, false, false, false, false],
      "img_path": "",
      "memo": ""
    },
    {
      "name": "아귀",
      "level": "3",
      "location": "바다낚시",
      "weather": "무관",
      "time": "종일",
      "price": "320",
      "size": "길다",
      "stars": [false, false, false, false, false],
      "img_path": "",
      "memo": ""
    },
    {
      "name": "홍합",
      "level": "3",
      "location": "근교 호수",
      "weather": "비/무지개",
      "time": "종일",
      "price": "100",
      "size": "중",
      "stars": [false, false, false, false, false],
      "img_path": "",
      "memo": ""
    },
    {
      "name": "민물잰더",
      "level": "3",
      "location": "거목강",
      "weather": "맑은 날/무지개",
      "time": "종일",
      "price": "230",
      "size": "소",
      "stars": [false, false, false, false, false],
      "img_path": "",
      "memo": ""
    },
    {
      "name": "참문어",
      "level": "4",
      "location": "바다낚시",
      "weather": "무관",
      "time": "종일",
      "price": "320",
      "size": "길다",
      "stars": [false, false, false, false, false],
      "img_path": "",
      "memo": ""
    },
    {
      "name": "대서양난쟁이문어",
      "level": "4",
      "location": "잔잔한 바다",
      "weather": "무관",
      "time": "종일",
      "price": "150",
      "size": "소",
      "stars": [false, false, false, false, false],
      "img_path": "",
      "memo": ""
    },
    {
      "name": "망둥어",
      "level": "4",
      "location": "동해",
      "weather": "무관",
      "time": "6-18",
      "price": "150",
      "size": "소",
      "stars": [false, false, false, false, false],
      "img_path": "",
      "memo": ""
    },
    {
      "name": "민물게",
      "level": "4",
      "location": "근교 호수",
      "weather": "무관",
      "time": "종일",
      "price": "100",
      "size": "소",
      "stars": [false, false, false, false, false],
      "img_path": "",
      "memo": ""
    },
    {
      "name": "대문짝넙치",
      "level": "4",
      "location": "바다낚시",
      "weather": "무관",
      "time": "종일",
      "price": "320",
      "size": "길다",
      "stars": [false, false, false, false, false],
      "img_path": "",
      "memo": ""
    },
    {
      "name": "유럽가자미",
      "level": "4",
      "location": "구해",
      "weather": "무관",
      "time": "0-6/18-24",
      "price": "230",
      "size": "길다",
      "stars": [false, false, false, false, false],
      "img_path": "",
      "memo": ""
    },
    {
      "name": "나비잉어",
      "level": "4",
      "location": "초원 호수",
      "weather": "비/무지개",
      "time": "종일",
      "price": "320",
      "size": "대",
      "stars": [false, false, false, false, false],
      "img_path": "",
      "memo": ""
    },
    {
      "name": "송어",
      "level": "5",
      "location": "초원 호수",
      "weather": "맑은 날/무지개",
      "time": "0-6/18-24",
      "price": "230",
      "size": "중",
      "stars": [false, false, false, false, false],
      "img_path": "",
      "memo": ""
    },
    {
      "name": "유럽날오징어",
      "level": "5",
      "location": "바다낚시",
      "weather": "무관",
      "time": "종일",
      "price": "320",
      "size": "길다",
      "stars": [false, false, false, false, false],
      "img_path": "",
      "memo": ""
    },
    {
      "name": "대서양은상어",
      "level": "2",
      "location": "바다",
      "weather": "무관",
      "time": "종일",
      "price": "320",
      "size": "특수",
      "stars": [false, false, false, false, false],
      "img_path": "",
      "memo": "집어기 O"
    },
    {
      "name": "틸라피아",
      "level": "1",
      "location": "강",
      "weather": "무관",
      "time": "종일",
      "price": "320",
      "size": "특수",
      "stars": [false, false, false, false, false],
      "img_path": "",
      "memo": "집어기 O"
    },
    {
      "name": "텐치",
      "level": "1",
      "location": "숲속 호수",
      "weather": "무관",
      "time": "종일",
      "price": "50",
      "size": "소",
      "stars": [false, false, false, false, false],
      "img_path": "",
      "memo": ""
    },
    {
      "name": "전갱이",
      "level": "1",
      "location": "고래 바다",
      "weather": "무관",
      "time": "종일",
      "price": "50",
      "size": "소",
      "stars": [false, false, false, false, false],
      "img_path": "",
      "memo": ""
    },
    {
      "name": "머드개복치",
      "level": "2",
      "location": "숲속 호수",
      "weather": "무관",
      "time": "6-24",
      "price": "100",
      "size": "소",
      "stars": [false, false, false, false, false],
      "img_path": "",
      "memo": ""
    },
    {
      "name": "올챙이",
      "level": "3",
      "location": "온천 산수",
      "weather": "비/무지개",
      "time": "종일",
      "price": "100",
      "size": "소",
      "stars": [false, false, false, false, false],
      "img_path": "",
      "memo": ""
    },
    {
      "name": "유럽민물가재",
      "level": "3",
      "location": "숲속 호수",
      "weather": "무관",
      "time": "0-12/18-24",
      "price": "100",
      "size": "소",
      "stars": [false, false, false, false, false],
      "img_path": "",
      "memo": ""
    },
    {
      "name": "대서양연어",
      "level": "4",
      "location": "고래 바다",
      "weather": "무관",
      "time": "0-6/12-24",
      "price": "155",
      "size": "중",
      "stars": [false, false, false, false, false],
      "img_path": "",
      "memo": ""
    },
    {
      "name": "소라게",
      "level": "3",
      "location": "동해",
      "weather": "무관",
      "time": "종일",
      "price": "100",
      "size": "소",
      "stars": [false, false, false, false, false],
      "img_path": "",
      "memo": ""
    },
    {
      "name": "흰동가리",
      "level": "3",
      "location": "구해",
      "weather": "무관",
      "time": "종일",
      "price": "100",
      "size": "소",
      "stars": [false, false, false, false, false],
      "img_path": "",
      "memo": ""
    },
    {
      "name": "큰입배스",
      "level": "4",
      "location": "숲속 호수",
      "weather": "맑은 날/무지개",
      "time": "종일",
      "price": "230",
      "size": "중",
      "stars": [false, false, false, false, false],
      "img_path": "",
      "memo": ""
    },
    {
      "name": "유럽잉어",
      "level": "4",
      "location": "노을강",
      "weather": "맑은 날/무지개",
      "time": "12-24",
      "price": "230",
      "size": "중",
      "stars": [false, false, false, false, false],
      "img_path": "",
      "memo": ""
    },
    {
      "name": "민물대구",
      "level": "4",
      "location": "고요한 강",
      "weather": "무관",
      "time": "12-24",
      "price": "230",
      "size": "중",
      "stars": [false, false, false, false, false],
      "img_path": "",
      "memo": ""
    },
    {
      "name": "레드벨리피라냐",
      "level": "4",
      "location": "거목강",
      "weather": "무관",
      "time": "종일",
      "price": "230",
      "size": "중",
      "stars": [false, false, false, false, false],
      "img_path": "",
      "memo": ""
    },
    {
      "name": "민물베도라치",
      "level": "5",
      "location": "노을강",
      "weather": "무관",
      "time": "종일",
      "price": "150",
      "size": "소",
      "stars": [false, false, false, false, false],
      "img_path": "",
      "memo": ""
    },
    {
      "name": "루드",
      "level": "5",
      "location": "근교 호수",
      "weather": "무관",
      "time": "종일",
      "price": "150",
      "size": "소",
      "stars": [false, false, false, false, false],
      "img_path": "",
      "memo": ""
    },
    {
      "name": "대서양고등어",
      "level": "5",
      "location": "고래 바다",
      "weather": "무관",
      "time": "12-24",
      "price": "150",
      "size": "소",
      "stars": [false, false, false, false, false],
      "img_path": "",
      "memo": ""
    },
    {
      "name": "유럽가재",
      "level": "5",
      "location": "잔잔한 바다",
      "weather": "무관",
      "time": "0-6/18-24",
      "price": "230",
      "size": "중",
      "stars": [false, false, false, false, false],
      "img_path": "",
      "memo": ""
    },
    {
      "name": "큰진주조개",
      "level": "6",
      "location": "숲속 호수",
      "weather": "무지개",
      "time": "종일",
      "price": "380",
      "size": "중",
      "stars": [false, false, false, false, false],
      "img_path": "",
      "memo": ""
    },
    {
      "name": "복어",
      "level": "6",
      "location": "구해",
      "weather": "무관",
      "time": "12-34",
      "price": "230",
      "size": "중",
      "stars": [false, false, false, false, false],
      "img_path": "",
      "memo": ""
    },
    {
      "name": "첨 연어",
      "level": "6",
      "location": "고요한 강",
      "weather": "무지개",
      "time": "종일",
      "price": "150",
      "size": "소",
      "stars": [false, false, false, false, false],
      "img_path": "",
      "memo": ""
    },
    {
      "name": "사루기",
      "level": "6",
      "location": "근교 호수",
      "weather": "무관",
      "time": "종일",
      "price": "230",
      "size": "중",
      "stars": [false, false, false, false, false],
      "img_path": "",
      "memo": ""
    },
    {
      "name": "등불성대",
      "level": "6",
      "location": "동해",
      "weather": "무지개",
      "time": "종일",
      "price": "380",
      "size": "중",
      "stars": [false, false, false, false, false],
      "img_path": "",
      "memo": ""
    },
    {
      "name": "두툽상어",
      "level": "6",
      "location": "바다낚시",
      "weather": "무관",
      "time": "종일",
      "price": "535",
      "size": "길다",
      "stars": [false, false, false, false, false],
      "img_path": "",
      "memo": ""
    },
    {
      "name": "큰가시고기",
      "level": "7",
      "location": "얕은 강",
      "weather": "비/무지개",
      "time": "종일",
      "price": "150",
      "size": "소",
      "stars": [false, false, false, false, false],
      "img_path": "",
      "memo": ""
    },
    {
      "name": "졸무늬송사리",
      "level": "7",
      "location": "근교 호수",
      "weather": "맑은 날/무지개",
      "time": "0-6/12-24",
      "price": "150",
      "size": "소",
      "stars": [false, false, false, false, false],
      "img_path": "",
      "memo": ""
    },
    {
      "name": "둑중개",
      "level": "7",
      "location": "온천 산수",
      "weather": "비/무지개",
      "time": "6-24",
      "price": "150",
      "size": "소",
      "stars": [false, false, false, false, false],
      "img_path": "",
      "memo": ""
    },
    {
      "name": "유럽장어",
      "level": "7",
      "location": "구해",
      "weather": "무지개",
      "time": "6-24",
      "price": "230",
      "size": "중",
      "stars": [false, false, false, false, false],
      "img_path": "",
      "memo": ""
    },
    {
      "name": "검은점돔",
      "level": "7",
      "location": "잔잔한 바다",
      "weather": "비/무지개",
      "time": "0-6/18-24",
      "price": "380",
      "size": "중",
      "stars": [false, false, false, false, false],
      "img_path": "",
      "memo": ""
    },
    {
      "name": "산갈치",
      "level": "7",
      "location": "바다낚시",
      "weather": "무관",
      "time": "6-18",
      "price": "535",
      "size": "길다",
      "stars": [false, false, false, false, false],
      "img_path": "",
      "memo": ""
    },
    {
      "name": "유럽머드미노우",
      "level": "8",
      "location": "근교 호수",
      "weather": "맑은 날/무지개",
      "time": "0-12",
      "price": "250",
      "size": "소",
      "stars": [false, false, false, false, false],
      "img_path": "",
      "memo": ""
    },
    {
      "name": "금붕어",
      "level": "8",
      "location": "초원 호수",
      "weather": "비/무지개",
      "time": "6-24",
      "price": "250",
      "size": "소",
      "stars": [false, false, false, false, false],
      "img_path": "",
      "memo": ""
    },
    {
      "name": "블루크로우",
      "level": "8",
      "location": "숲속 호수",
      "weather": "무관",
      "time": "0-6/18-24",
      "price": "250",
      "size": "소",
      "stars": [false, false, false, false, false],
      "img_path": "",
      "memo": ""
    },
    {
      "name": "대구",
      "level": "8",
      "location": "동해",
      "weather": "맑은 날/무지개",
      "time": "0-6/12-24",
      "price": "230",
      "size": "중",
      "stars": [false, false, false, false, false],
      "img_path": "",
      "memo": ""
    },
    {
      "name": "킹크랩",
      "level": "8",
      "location": "고래 바다",
      "weather": "무지개",
      "time": "6-24",
      "price": "535",
      "size": "대",
      "stars": [false, false, false, false, false],
      "img_path": "",
      "memo": ""
    },
    {
      "name": "황금킹크랩",
      "level": "8",
      "location": "바다낚시",
      "weather": "무지개",
      "time": "종일",
      "price": "850",
      "size": "길다",
      "stars": [false, false, false, false, false],
      "img_path": "",
      "memo": ""
    },
    {
      "name": "후첸?",
      "level": "9",
      "location": "거목강",
      "weather": "무지개",
      "time": "0-6/12-24",
      "price": "380",
      "size": "중",
      "stars": [false, false, false, false, false],
      "img_path": "",
      "memo": ""
    },
    {
      "name": "강꼬치고기",
      "level": "9",
      "location": "근교 호수",
      "weather": "비/무지개",
      "time": "0-6/18-24",
      "price": "610",
      "size": "중",
      "stars": [false, false, false, false, false],
      "img_path": "",
      "memo": ""
    },
    {
      "name": "펌프킨시드",
      "level": "9",
      "location": "온천 산수",
      "weather": "맑은 날/무지개",
      "time": "6-24",
      "price": "250",
      "size": "소",
      "stars": [false, false, false, false, false],
      "img_path": "",
      "memo": ""
    },
    {
      "name": "개복치",
      "level": "9",
      "location": "동해",
      "weather": "무관",
      "time": "0-12",
      "price": "850",
      "size": "대",
      "stars": [false, false, false, false, false],
      "img_path": "",
      "memo": ""
    },
    {
      "name": "참다랑어",
      "level": "9",
      "location": "잔잔한 바다",
      "weather": "무지개",
      "time": "6-18",
      "price": "850",
      "size": "대",
      "stars": [false, false, false, false, false],
      "img_path": "",
      "memo": ""
    },
    {
      "name": "달고기/붉평치",
      "level": "9",
      "location": "바다낚시",
      "weather": "무관",
      "time": "0-6/18-24",
      "price": "850",
      "size": "길다",
      "stars": [false, false, false, false, false],
      "img_path": "",
      "memo": ""
    },
    {
      "name": "유럽메기",
      "level": "10",
      "location": "초원 호수",
      "weather": "맑은 날/무지개",
      "time": "0-6/18-24",
      "price": "610",
      "size": "중",
      "stars": [false, false, false, false, false],
      "img_path": "",
      "memo": ""
    },
    {
      "name": "블루길",
      "level": "10",
      "location": "온천 산수",
      "weather": "맑은 날/무지개",
      "time": "0-6/18-24",
      "price": "395",
      "size": "소",
      "stars": [false, false, false, false, false],
      "img_path": "",
      "memo": ""
    },
    {
      "name": "북극곤들매기",
      "level": "10",
      "location": "숲속 호수",
      "weather": "비/무지개",
      "time": "12-24",
      "price": "610",
      "size": "?",
      "stars": [false, false, false, false, false],
      "img_path": "",
      "memo": ""
    },
    {
      "name": "귀상어",
      "level": "10",
      "location": "구해",
      "weather": "무지개",
      "time": "0-6/18-24",
      "price": "850",
      "size": "대",
      "stars": [false, false, false, false, false],
      "img_path": "",
      "memo": ""
    },
    {
      "name": "황새치",
      "level": "10",
      "location": "고래바다",
      "weather": "무지개",
      "time": "6-18",
      "price": "850",
      "size": "대",
      "stars": [false, false, false, false, false],
      "img_path": "",
      "memo": ""
    },
    {
      "name": "청상아리",
      "level": "10",
      "location": "바다낚시",
      "weather": "무지개",
      "time": "6-18",
      "price": "850",
      "size": "길다",
      "stars": [false, false, false, false, false],
      "img_path": "",
      "memo": ""
    },
    {
      "name": "금룡어",
      "level": "11",
      "location": "초원 호수",
      "weather": "무지개",
      "time": "0-12/18-24",
      "price": "395",
      "size": "소",
      "stars": [false, false, false, false, false],
      "img_path": "",
      "memo": ""
    },
    {
      "name": "라이언헤드",
      "level": "11",
      "location": "온천 산수",
      "weather": "무지개",
      "time": "종일",
      "price": "395",
      "size": "소",
      "stars": [false, false, false, false, false],
      "img_path": "",
      "memo": ""
    },
    {
      "name": "줄자돔/자리돔",
      "level": "11",
      "location": "잔잔한 바다",
      "weather": "맑은 날/무지개",
      "time": "12-24",
      "price": "610",
      "size": "중",
      "stars": [false, false, false, false, false],
      "img_path": "",
      "memo": ""
    },
    {
      "name": "고래상어",
      "level": "11",
      "location": "바다낚시",
      "weather": "맑은 날/무지개",
      "time": "0-12/18-24",
      "price": "850",
      "size": "길다",
      "stars": [false, false, false, false, false],
      "img_path": "",
      "memo": ""
    },
    {
      "name": "엔젤피시",
      "level": "12",
      "location": "근교 호수",
      "weather": "무지개",
      "time": "0-6/18-24",
      "price": "610",
      "size": "중",
      "stars": [false, false, false, false, false],
      "img_path": "",
      "memo": ""
    },
    {
      "name": "버들붕어",
      "level": "12",
      "location": "숲속 호수",
      "weather": "비/무지개",
      "time": "12-24",
      "price": "395",
      "size": "소",
      "stars": [false, false, false, false, false],
      "img_path": "",
      "memo": ""
    },
    {
      "name": "만새기",
      "level": "12",
      "location": "구해",
      "weather": "무지개",
      "time": "6-18",
      "price": "850",
      "size": "대",
      "stars": [false, false, false, false, false],
      "img_path": "",
      "memo": ""
    },
    {
      "name": "바다거북",
      "level": "12",
      "location": "고래바다",
      "weather": "무지개",
      "time": "12-24",
      "price": "850",
      "size": "대",
      "stars": [false, false, false, false, false],
      "img_path": "",
      "memo": ""
    },
    {
      "name": "해파리",
      "level": "12",
      "location": "바다낚시",
      "weather": "비/무지개",
      "time": "0-6/12-24",
      "price": "850",
      "size": "길다",
      "stars": [false, false, false, false, false],
      "img_path": "",
      "memo": ""
    },
    {
      "name": "블루탱",
      "level": "13",
      "location": "구해",
      "weather": "비/무지개",
      "time": "0-6/12-24",
      "price": "610",
      "size": "중",
      "stars": [false, false, false, false, false],
      "img_path": "",
      "memo": ""
    },
    {
      "name": "쏠배감팽",
      "level": "13",
      "location": "고래바다",
      "weather": "비/무지개",
      "time": "0-12",
      "price": "610",
      "size": "중",
      "stars": [false, false, false, false, false],
      "img_path": "",
      "memo": ""
    },
    {
      "name": "환상용어",
      "level": "14",
      "location": "동해",
      "weather": "맑은 날/무지개",
      "time": "6-24",
      "price": "610",
      "size": "중",
      "stars": [false, false, false, false, false],
      "img_path": "",
      "memo": ""
    },
    {
      "name": "저고리파랑돔",
      "level": "14",
      "location": "잔잔한 바다",
      "weather": "맑은 날/무지개",
      "time": "12-24",
      "price": "395",
      "size": "소",
      "stars": [false, false, false, false, false],
      "img_path": "",
      "memo": ""
    }
  ],
  "요리": [],
  "원예": [],
  "새 관찰": [],
  "곤충 채집": [],
  "my_levels": {
    "낚시": 1,
    "요리": 1,
    "원예": 1,
    "새 관찰": 1,
    "곤충 채집": 1
  }
}